year,,TEAM,GP,W,L,WIN%,MIN,PTS,FGM,FGA,FG%,3PM,3PA,3P%,FTM,FTA,FT%,OREB,DREB,REB,AST,TOV,STL,BLK,BLKA,PF,PFD,+/-
2018-19,,Utah Jazz,5,1,4,.200,48.0,97.8,34.6,86.4,40.0,9.4,35.8,26.3,19.2,25.6,75.0,11.8,35.4,47.2,23.0,15.2,9.2,5.4,7.0,21.8,21.4,-9.2
2018-19,,Toronto Raptors,24,16,8,.667,48.4,106.6,37.7,84.8,44.4,11.9,34.5,34.6,19.3,23.3,83.0,8.3,34.0,42.3,22.5,12.1,8.0,4.6,5.0,22.6,21.8,5.5
2018-19,,San Antonio Spurs,7,3,4,.429,48.0,103.3,39.4,85.1,46.3,6.7,19.9,33.8,17.7,23.0,77.0,10.7,34.4,45.1,21.1,8.4,4.6,4.0,3.6,19.4,20.0,-1.9
2018-19,,Portland Trail Blazers,16,8,8,.500,49.6,109.7,39.4,90.4,43.6,11.8,32.8,36.0,19.0,24.8,76.6,11.4,33.8,45.2,19.8,12.9,6.9,5.1,5.9,22.8,22.8,-1.4
2018-19,,Philadelphia 76ers,12,7,5,.583,48.0,108.7,39.4,85.8,45.9,9.4,28.4,33.1,20.4,25.8,79.0,11.4,37.1,48.5,24.4,16.5,6.3,5.4,3.4,22.4,22.1,3.0
2018-19,,Orlando Magic,5,1,4,.200,48.0,92.0,32.2,83.0,38.8,10.4,34.8,29.9,17.2,22.2,77.5,9.6,33.8,43.4,19.0,15.6,6.6,4.0,4.2,18.8,23.0,-14.4
2018-19,,Oklahoma City Thunder,5,1,4,.200,48.0,105.2,37.8,86.0,44.0,10.4,31.4,33.1,19.2,25.4,75.6,10.2,33.0,43.2,22.6,15.2,6.6,5.4,5.8,24.2,23.4,-5.8
2018-19,,Milwaukee Bucks,15,10,5,.667,48.7,112.8,39.8,88.3,45.1,12.8,38.1,33.6,20.4,28.0,72.9,10.1,41.8,51.9,25.0,13.0,6.7,6.4,4.7,21.8,23.3,8.8
2018-19,,LA Clippers,6,2,4,.333,48.0,114.7,39.8,89.2,44.7,11.5,31.7,36.3,23.5,28.8,81.5,10.0,30.2,40.2,25.3,15.0,8.0,3.3,7.5,25.0,25.8,-9.8
2018-19,,Indiana Pacers,4,0,4,.000,48.0,91.8,33.5,83.5,40.1,10.0,29.8,33.6,14.8,20.5,72.0,8.0,32.3,40.3,20.8,12.0,8.3,3.5,3.0,20.0,19.5,-7.5
2018-19,,Houston Rockets,11,6,5,.545,48.5,108.5,37.2,83.8,44.4,15.6,42.7,36.6,18.5,24.3,76.4,9.6,33.3,42.9,18.3,15.8,8.5,5.1,4.6,21.6,21.5,3.2
2018-19,,Golden State Warriors,22,14,8,.636,48.5,114.1,41.1,86.1,47.7,12.2,32.7,37.2,19.8,24.3,81.3,10.1,33.2,43.3,28.4,14.9,7.4,5.7,3.9,23.2,22.3,3.4
2018-19,,Detroit Pistons,4,0,4,.000,48.0,98.0,37.5,96.8,38.8,11.0,33.3,33.1,12.0,16.5,72.7,10.8,31.5,42.3,23.0,10.5,7.3,4.0,8.8,24.3,20.0,-23.8
2018-19,,Denver Nuggets,14,7,7,.500,49.4,109.1,39.9,90.2,44.3,9.6,27.8,34.4,19.7,25.2,78.2,13.1,34.6,47.7,24.0,9.8,5.7,4.6,4.7,21.3,21.9,1.9
2018-19,,Brooklyn Nets,5,1,4,.200,48.0,111.4,38.4,91.4,42.0,11.0,34.0,32.4,23.6,29.2,80.8,11.2,29.2,40.4,19.2,14.2,7.6,2.8,6.0,22.8,24.2,-11.0
2018-19,,Boston Celtics,9,5,4,.556,48.0,102.1,35.7,84.1,42.4,11.3,33.0,34.3,19.4,24.2,80.3,7.4,40.3,47.8,21.4,14.8,5.9,3.8,4.3,20.8,21.0,-1.4
2017-18,,Washington Wizards,6,2,4,.333,48.0,107.2,39.7,85.2,46.6,8.0,21.8,36.6,19.8,23.3,85.0,8.5,31.5,40.0,23.3,13.5,7.8,5.2,6.2,21.0,21.3,-2.0
2017-18,,Utah Jazz,11,5,6,.455,48.0,102.4,37.7,82.9,45.5,10.7,29.9,35.9,16.2,23.5,68.7,9.4,35.6,45.0,20.3,15.5,7.5,5.0,5.5,20.5,20.9,-2.2
2017-18,,Toronto Raptors,10,4,6,.400,48.5,107.3,38.9,82.3,47.3,10.4,26.7,39.0,19.1,23.9,79.9,9.4,30.7,40.1,21.8,14.0,5.7,6.1,4.8,22.6,20.3,-4.4
2017-18,,San Antonio Spurs,5,1,4,.200,48.0,96.8,34.6,83.8,41.3,8.4,28.2,29.8,19.2,23.0,83.5,8.4,29.2,37.6,19.0,11.0,7.6,3.0,5.0,20.4,19.8,-8.8
2017-18,,Portland Trail Blazers,4,0,4,.000,48.0,105.5,41.3,91.0,45.3,10.8,32.3,33.3,12.3,15.8,77.8,11.3,32.3,43.5,19.0,14.5,8.3,3.8,6.5,20.5,19.5,-9.0
2017-18,,Philadelphia 76ers,10,5,5,.500,48.5,108.8,38.7,88.5,43.7,9.9,29.3,33.8,21.5,28.3,76.0,13.4,36.1,49.5,25.8,14.6,7.8,4.1,5.9,22.8,25.5,3.9
2017-18,,Oklahoma City Thunder,6,2,4,.333,48.0,101.2,37.2,86.5,43.0,10.5,28.8,36.4,16.3,21.2,77.2,9.3,34.7,44.0,16.3,14.0,8.8,4.2,5.5,21.7,20.7,-4.3
2017-18,,New Orleans Pelicans,9,5,4,.556,48.0,110.0,42.9,89.8,47.8,9.9,27.0,36.6,14.3,18.3,78.2,7.9,37.7,45.6,26.9,14.4,8.1,5.0,4.9,19.3,19.0,-0.8
2017-18,,Minnesota Timberwolves,5,1,4,.200,48.0,101.6,38.0,82.6,46.0,9.0,21.8,41.3,16.6,22.8,72.8,8.6,36.6,45.2,22.4,12.6,5.0,3.2,6.2,18.2,17.6,-8.8
2017-18,,Milwaukee Bucks,7,3,4,.429,48.7,101.9,39.1,78.3,50.0,9.6,25.7,37.2,14.0,19.9,70.5,5.6,33.0,38.6,22.0,13.1,6.6,6.7,4.1,22.9,19.4,-0.6
2017-18,,Miami Heat,5,1,4,.200,48.0,103.4,36.6,82.8,44.2,10.8,27.6,39.1,19.4,28.6,67.8,9.6,31.4,41.0,23.8,16.0,8.8,6.4,4.2,29.2,24.0,-10.8
2017-18,,Indiana Pacers,7,3,4,.429,48.0,100.6,38.6,80.1,48.1,9.7,27.1,35.8,13.7,19.3,71.1,8.1,31.9,40.0,21.1,13.1,8.1,2.7,3.6,21.9,20.3,5.7
2017-18,,Houston Rockets,17,11,6,.647,48.0,104.9,37.2,85.3,43.6,13.4,39.8,33.7,17.2,22.2,77.2,8.8,34.2,43.0,18.8,12.1,8.1,5.5,4.4,19.1,19.5,1.8
2017-18,,Golden State Warriors,21,16,5,.762,48.2,110.4,41.2,86.0,48.0,11.2,31.4,35.7,16.8,20.4,82.2,9.1,35.9,45.0,26.0,12.9,7.9,5.8,3.6,19.7,19.4,10.0
2017-18,,Cleveland Cavaliers,22,12,10,.545,48.5,101.1,36.9,81.9,45.0,10.0,30.3,33.1,17.4,23.1,75.2,9.8,31.6,41.4,19.2,12.7,6.0,4.4,4.4,19.5,21.9,-1.7
2017-18,,Boston Celtics,19,11,8,.579,48.5,101.4,36.4,83.3,43.7,10.5,30.6,34.3,18.1,23.5,76.7,8.8,32.8,41.7,21.2,11.6,6.8,4.1,5.6,20.4,21.4,0.7
2016-17,,Washington Wizards,13,7,6,.538,48.4,108.1,40.1,87.6,45.7,8.4,26.5,31.7,19.5,24.6,79.4,11.2,31.8,43.0,22.8,13.8,7.9,6.6,4.4,23.0,22.5,0.0
2016-17,,Utah Jazz,11,4,7,.364,48.0,97.8,35.6,78.4,45.5,9.5,25.9,36.5,17.1,23.4,73.2,6.7,32.4,39.1,19.7,12.1,7.4,3.2,3.3,21.1,20.4,-4.7
2016-17,,Toronto Raptors,10,4,6,.400,48.0,96.7,35.3,79.5,44.4,7.8,23.5,33.2,18.3,22.5,81.3,6.8,32.5,39.3,19.6,12.9,7.4,4.4,5.0,20.9,19.9,-5.7
2016-17,,San Antonio Spurs,16,8,8,.500,48.6,107.1,40.0,86.6,46.2,8.6,24.4,35.0,18.5,23.9,77.3,12.8,31.7,44.4,21.3,12.8,7.8,4.7,3.9,18.8,21.3,1.0
2016-17,,Portland Trail Blazers,4,0,4,.000,48.0,101.5,35.5,89.5,39.7,11.0,34.0,32.4,19.5,24.3,80.4,10.0,34.0,44.0,15.8,15.3,7.3,4.8,10.3,21.8,18.8,-18.0
2016-17,,Oklahoma City Thunder,5,1,4,.200,48.0,104.2,38.6,87.4,44.2,8.4,27.0,31.1,18.6,27.0,68.9,12.2,31.4,43.6,19.8,12.8,8.4,8.0,5.0,22.2,22.6,-8.6
2016-17,,Milwaukee Bucks,6,2,4,.333,48.0,93.2,34.8,78.2,44.6,9.0,21.7,41.5,14.5,20.8,69.6,8.2,29.8,38.0,21.2,13.3,8.2,5.0,4.7,21.3,21.2,-0.7
2016-17,,Memphis Grizzlies,6,2,4,.333,48.8,96.3,34.7,77.2,44.9,9.3,24.2,38.6,17.7,20.3,86.9,7.7,27.8,35.5,18.8,11.3,5.2,2.5,3.8,22.2,19.2,-8.3
2016-17,,LA Clippers,7,3,4,.429,48.0,97.7,36.4,77.0,47.3,8.1,23.4,34.8,16.7,24.0,69.6,7.7,30.0,37.7,18.4,12.1,6.3,2.4,3.1,20.3,20.9,-1.1
2016-17,,Indiana Pacers,4,0,4,.000,48.0,108.8,40.5,87.0,46.6,11.3,28.8,39.1,16.5,21.5,76.7,11.8,30.3,42.0,22.5,13.3,8.0,3.8,6.3,22.8,18.3,-4.0
2016-17,,Houston Rockets,11,6,5,.545,48.5,107.7,37.3,85.0,43.9,12.8,38.5,33.3,20.4,25.8,78.9,9.9,33.0,42.9,19.5,14.0,7.7,4.6,7.0,20.9,19.5,1.2
2016-17,,Golden State Warriors,17,16,1,.941,48.0,119.3,42.9,87.0,49.4,12.7,32.9,38.6,20.7,25.4,81.5,9.3,36.5,45.8,28.2,13.6,8.7,6.1,3.8,21.8,21.6,13.5
2016-17,,Cleveland Cavaliers,18,13,5,.722,48.0,116.2,40.9,83.1,49.3,14.2,33.9,42.0,20.1,26.2,76.7,9.2,32.9,42.2,22.1,13.1,7.4,4.7,3.8,18.8,22.3,7.9
2016-17,,Chicago Bulls,6,2,4,.333,48.0,96.5,36.3,82.5,44.0,7.0,23.5,29.8,16.8,19.8,84.9,12.5,34.2,46.7,20.0,15.3,7.2,5.2,3.7,18.3,17.2,-6.8
2016-17,,Boston Celtics,18,9,9,.500,48.3,105.2,38.4,84.1,45.7,12.7,34.4,36.9,15.7,20.3,77.3,9.4,28.5,37.9,26.9,13.4,7.7,4.1,5.2,20.8,19.0,-2.9
2016-17,,Atlanta Hawks,6,2,4,.333,48.0,105.5,37.5,84.5,44.4,8.3,27.3,30.5,22.2,29.0,76.4,11.3,33.0,44.3,22.3,16.0,6.0,3.3,7.5,21.3,24.8,-1.2
2015-16,,Toronto Raptors,20,10,10,.500,48.8,93.4,34.3,81.4,42.1,6.9,23.0,29.8,18.1,24.5,73.7,10.8,29.6,40.4,15.7,13.0,7.5,3.7,4.9,21.9,20.5,-4.3
2015-16,,San Antonio Spurs,10,6,4,.600,48.0,102.0,38.7,82.5,46.9,8.2,19.1,42.9,16.4,20.5,80.0,7.9,31.6,39.5,21.3,11.6,9.1,7.0,4.7,18.2,19.9,9.1
2015-16,,Portland Trail Blazers,11,5,6,.455,48.5,105.0,37.1,89.1,41.6,11.9,31.3,38.1,18.9,25.5,74.0,12.9,34.7,47.6,21.5,13.1,6.2,3.9,5.9,23.5,21.8,-2.5
2015-16,,Oklahoma City Thunder,18,11,7,.611,48.0,106.4,38.2,84.5,45.2,8.3,24.9,33.3,21.7,27.6,78.6,12.5,34.4,46.9,20.5,13.9,7.7,5.4,4.0,20.3,21.2,5.3
2015-16,,Miami Heat,14,7,7,.500,49.1,96.9,36.9,80.5,45.8,6.9,19.1,35.8,16.3,21.3,76.5,9.1,35.1,44.2,16.4,13.1,5.4,5.9,3.4,21.2,19.6,3.1
2015-16,,Memphis Grizzlies,4,0,4,.000,48.0,81.0,32.0,81.3,39.4,4.8,16.0,29.7,12.3,17.5,70.0,13.8,27.3,41.0,16.5,15.5,7.8,4.0,9.3,21.5,17.5,-22.0
2015-16,,LA Clippers,6,2,4,.333,48.0,98.3,37.2,85.0,43.7,5.7,19.5,29.1,18.3,29.3,62.5,11.3,34.8,46.2,18.2,9.7,8.5,4.7,3.5,20.5,23.8,1.0
2015-16,,Indiana Pacers,7,3,4,.429,48.0,93.7,33.0,74.9,44.1,8.1,21.3,38.3,19.6,23.9,82.0,9.1,30.1,39.3,18.1,14.4,7.6,5.6,4.6,22.3,21.7,1.4
2015-16,,Houston Rockets,5,1,4,.200,48.0,91.2,33.0,85.6,38.6,7.6,28.4,26.8,17.6,27.4,64.2,14.4,33.0,47.4,18.0,19.0,8.4,4.2,5.4,25.6,22.2,-18.8
2015-16,,Golden State Warriors,24,15,9,.625,48.2,107.7,38.9,85.6,45.5,12.8,32.4,39.3,17.1,23.3,73.5,10.5,32.7,43.2,24.3,14.0,8.0,5.5,5.2,22.0,22.1,4.4
2015-16,,Detroit Pistons,4,0,4,.000,48.0,95.0,36.0,75.3,47.8,8.8,23.3,37.6,14.3,22.0,64.8,7.0,30.8,37.8,21.8,10.5,5.3,3.3,2.5,19.0,20.3,-8.5
2015-16,,Dallas Mavericks,5,1,4,.200,48.0,93.8,35.4,81.2,43.6,6.2,21.4,29.0,16.8,24.2,69.4,9.2,25.8,35.0,20.6,11.8,6.0,2.4,4.6,24.0,22.4,-18.2
2015-16,,Cleveland Cavaliers,21,16,5,.762,48.0,104.8,38.3,81.8,46.9,12.3,30.2,40.6,15.8,21.8,72.5,10.7,32.6,43.3,21.2,12.5,7.8,4.2,4.5,19.6,21.0,8.6
2015-16,,Charlotte Hornets,7,3,4,.429,48.0,90.3,31.9,80.4,39.6,5.7,18.6,30.8,20.9,24.9,83.9,7.1,29.7,36.9,13.6,9.4,5.7,3.3,7.1,17.4,21.6,-8.9
2015-16,,Boston Celtics,6,2,4,.333,48.8,93.8,34.3,89.5,38.4,8.7,31.5,27.5,16.5,21.0,78.6,10.7,35.3,46.0,21.0,14.7,6.3,6.5,8.7,22.0,20.0,-6.7
2015-16,,Atlanta Hawks,10,4,6,.400,48.5,100.1,36.6,84.8,43.2,10.6,31.8,33.3,16.3,20.5,79.5,8.9,35.4,44.3,22.6,14.4,7.5,7.6,5.5,20.2,20.9,-1.0
2014-15,,Washington Wizards,10,6,4,.600,48.5,101.1,37.3,84.5,44.1,9.4,23.3,40.3,17.1,23.7,72.2,11.6,35.6,47.2,23.1,14.5,7.1,5.3,4.8,20.0,21.9,3.9
2014-15,,Toronto Raptors,4,0,4,.000,49.3,96.3,36.8,88.3,41.6,7.5,25.0,30.0,15.3,21.3,71.8,8.8,29.8,38.5,19.5,12.0,7.5,2.3,6.5,25.0,20.5,-14.0
2014-15,,San Antonio Spurs,7,3,4,.429,48.7,103.4,38.3,85.3,44.9,9.6,26.1,36.6,17.3,25.4,68.0,11.7,34.7,46.4,24.1,12.1,6.1,4.7,6.1,24.9,20.9,0.4
2014-15,,Portland Trail Blazers,5,1,4,.200,48.0,93.8,33.4,83.6,40.0,9.2,26.2,35.1,17.8,21.6,82.4,10.0,34.2,44.2,16.6,11.6,3.4,5.2,6.2,20.6,20.0,-6.8
2014-15,,New Orleans Pelicans,4,0,4,.000,49.3,100.8,38.0,84.3,45.1,6.8,21.3,31.8,18.0,22.3,80.9,10.8,31.3,42.0,23.3,13.5,7.5,5.8,6.3,23.8,19.8,-8.0
2014-15,,Milwaukee Bucks,6,2,4,.333,49.7,88.5,34.2,88.2,38.8,5.5,18.2,30.3,14.7,20.8,70.4,12.2,31.5,43.7,20.3,13.2,10.8,6.7,7.0,21.2,18.8,-12.3
2014-15,,Memphis Grizzlies,11,6,5,.545,48.0,94.7,35.7,84.1,42.5,4.4,14.0,31.2,18.9,22.7,83.2,10.5,32.9,43.5,20.4,11.0,8.6,4.1,5.6,19.4,20.4,-1.3
2014-15,,Los Angeles Clippers,14,7,7,.500,48.4,107.8,39.5,84.8,46.6,8.4,25.4,32.9,20.4,30.6,66.7,9.6,35.0,44.6,22.5,13.1,8.6,5.9,4.9,24.8,25.1,1.4
2014-15,,Houston Rockets,17,9,8,.529,48.0,108.2,37.4,83.4,44.8,9.5,27.5,34.4,24.0,36.7,65.4,10.9,34.8,45.7,21.9,15.5,8.4,5.5,5.4,23.4,27.2,-2.5
2014-15,,Golden State Warriors,21,16,5,.762,48.7,103.3,38.2,84.2,45.3,11.4,30.5,37.4,15.5,22.1,69.9,11.6,34.0,45.6,24.5,14.6,8.0,5.8,4.7,22.4,20.9,7.8
2014-15,,Dallas Mavericks,5,1,4,.200,48.0,110.0,41.6,92.0,45.2,7.6,24.4,31.1,19.2,25.2,76.2,13.6,33.8,47.4,21.2,14.2,7.0,4.6,5.2,27.2,24.6,-4.2
2014-15,,Cleveland Cavaliers,20,14,6,.700,48.8,99.0,34.7,82.7,42.0,9.8,28.7,34.0,19.9,26.9,73.8,12.3,34.9,47.1,18.0,13.0,6.3,6.4,4.7,20.9,22.5,4.0
2014-15,,Chicago Bulls,12,6,6,.500,48.8,96.0,35.1,83.8,41.9,9.2,24.6,37.3,16.7,21.5,77.5,11.7,33.8,45.4,22.2,14.0,7.2,6.6,7.1,18.8,20.3,3.4
2014-15,,Brooklyn Nets,6,2,4,.333,48.8,96.3,36.2,83.2,43.5,8.5,24.0,35.4,15.5,20.8,74.4,9.5,35.0,44.5,21.7,14.3,7.5,3.3,4.7,19.0,18.5,-5.5
2014-15,,Boston Celtics,4,0,4,.000,48.0,94.8,34.8,82.8,42.0,5.5,21.5,25.6,19.8,25.5,77.5,10.0,30.8,40.8,20.0,13.5,5.3,3.8,7.8,26.8,23.3,-9.3
2014-15,,Atlanta Hawks,16,8,8,.500,48.6,98.0,36.9,85.6,43.1,9.1,28.6,31.7,15.2,19.4,78.1,9.8,33.9,43.7,23.8,12.7,8.5,4.9,4.3,19.7,19.2,-0.2
2013-14,,Washington Wizards,11,6,5,.545,48.5,90.4,34.5,79.7,43.2,5.6,16.8,33.5,15.8,22.7,69.6,11.7,33.2,44.9,19.5,12.8,7.5,5.6,4.3,22.3,21.2,0.9
2013-14,,Toronto Raptors,7,3,4,.429,48.0,96.1,32.7,74.1,44.1,6.6,21.0,31.3,24.1,29.0,83.3,10.1,31.6,41.7,17.7,15.3,5.6,3.0,3.6,25.9,24.1,-1.6
2013-14,,San Antonio Spurs,23,16,7,.696,48.2,106.3,39.7,80.9,49.1,8.8,21.6,40.9,18.0,23.5,76.7,9.4,32.6,42.0,22.2,12.6,8.1,3.5,3.7,19.8,21.6,9.3
2013-14,,Portland Trail Blazers,11,5,6,.455,49.4,104.3,38.4,87.7,43.7,7.9,22.8,34.7,19.6,24.6,79.7,11.7,32.5,44.2,17.5,13.8,5.9,6.0,4.3,22.5,23.3,-6.3
2013-14,,Oklahoma City Thunder,19,10,9,.526,49.3,102.5,36.6,81.4,45.0,7.5,23.3,32.3,21.8,26.6,82.0,11.2,34.1,45.2,19.3,15.1,6.3,6.2,3.1,23.0,22.2,-1.1
2013-14,,Miami Heat,20,13,7,.650,48.0,97.3,35.4,72.2,49.1,9.3,23.5,39.6,17.2,22.0,78.0,6.0,28.1,34.0,18.3,12.2,7.4,3.9,2.8,20.7,19.6,1.8
2013-14,,Memphis Grizzlies,7,3,4,.429,50.9,96.7,36.7,88.1,41.7,4.4,15.3,29.0,18.9,25.9,72.9,12.9,29.9,42.7,21.7,11.1,9.0,2.4,7.6,20.9,23.0,-5.4
2013-14,,Los Angeles Clippers,13,6,7,.462,48.0,108.8,39.4,85.4,46.1,9.2,25.8,35.5,20.8,28.5,73.0,11.4,28.4,39.8,23.8,12.6,9.4,4.4,4.8,24.3,24.1,2.0
2013-14,,Indiana Pacers,19,10,9,.526,48.0,91.6,33.6,74.5,45.1,7.3,19.3,38.0,17.0,23.4,72.7,8.2,31.3,39.5,18.8,13.6,7.1,4.2,4.3,20.7,21.6,-1.0
2013-14,,Houston Rockets,6,2,4,.333,50.5,112.0,40.8,91.7,44.5,8.2,25.7,31.8,22.2,29.8,74.3,16.7,32.5,49.2,18.3,13.8,6.0,5.0,9.2,26.0,24.8,0.3
2013-14,,Golden State Warriors,7,3,4,.429,48.0,106.4,38.3,83.1,46.0,9.6,26.3,36.4,20.3,27.9,72.8,13.1,29.6,42.7,24.4,17.3,7.0,4.6,5.1,25.3,23.0,-4.4
2013-14,,Dallas Mavericks,7,3,4,.429,48.0,101.1,39.1,86.7,45.1,8.4,22.4,37.6,14.4,18.9,76.5,11.7,29.0,40.7,19.1,11.4,6.6,4.1,3.6,20.3,19.6,-2.0
2013-14,,Chicago Bulls,5,1,4,.200,49.0,90.0,33.2,78.6,42.2,6.4,19.2,33.3,17.2,22.8,75.4,12.2,29.6,41.8,20.2,13.2,5.0,4.4,6.6,22.0,22.2,-4.6
2013-14,,Charlotte Bobcats,4,0,4,.000,48.0,92.0,33.8,75.3,44.9,7.8,21.3,36.5,16.8,23.5,71.3,8.3,31.5,39.8,19.8,15.0,4.3,4.5,4.5,20.3,19.8,-9.8
2013-14,,Brooklyn Nets,12,5,7,.417,48.0,95.5,34.8,75.1,46.3,7.8,22.7,34.2,18.3,24.8,73.7,10.0,27.8,37.8,18.3,12.3,6.9,2.8,4.0,22.3,22.6,-1.3
2013-14,,Atlanta Hawks,7,3,4,.429,48.0,92.4,30.3,78.7,38.5,11.3,32.9,34.3,20.6,24.9,82.8,9.1,30.1,39.3,16.9,13.6,6.6,4.6,6.3,20.9,22.6,-1.0
2012-13,,San Antonio Spurs,21,15,6,.714,49.4,100.3,38.0,82.2,46.3,7.9,20.8,37.8,16.4,21.5,76.3,9.7,32.9,42.6,21.9,12.9,7.9,5.0,4.7,19.1,21.1,7.0
2012-13,,Oklahoma City Thunder,11,5,6,.455,48.5,98.5,34.8,81.6,42.7,8.6,24.7,34.9,20.2,24.1,83.8,9.8,33.1,42.9,18.1,13.6,6.0,7.0,4.9,24.9,22.1,1.4
2012-13,,New York Knicks,12,6,6,.500,48.4,88.6,33.3,81.0,41.0,8.0,23.3,34.3,14.1,18.0,78.2,10.7,28.8,39.5,15.1,11.6,8.8,4.3,4.2,23.8,18.9,2.7
2012-13,,Milwaukee Bucks,4,0,4,.000,48.0,85.3,33.3,76.8,43.3,6.0,23.0,26.1,12.8,20.3,63.0,8.8,26.0,34.8,19.8,16.3,10.0,2.5,4.3,19.8,20.3,-14.8
2012-13,,Miami Heat,23,16,7,.696,48.4,97.1,35.8,76.6,46.8,7.7,20.2,38.1,17.8,23.2,76.6,9.7,28.4,38.1,20.6,13.1,8.3,5.4,3.4,22.2,21.0,6.4
2012-13,,Memphis Grizzlies,15,8,7,.533,49.0,94.7,34.1,81.5,41.8,4.8,14.8,32.4,21.7,29.1,74.8,11.7,30.0,41.7,19.3,10.7,7.3,4.6,6.5,22.1,25.3,0.6
2012-13,,Los Angeles Lakers,4,0,4,.000,48.0,85.3,34.5,78.0,44.2,5.0,18.5,27.0,11.3,18.5,60.8,8.5,31.5,40.0,18.5,16.5,5.8,5.3,5.0,17.5,18.0,-18.8
2012-13,,Los Angeles Clippers,6,2,4,.333,48.0,94.7,35.2,75.3,46.7,5.8,19.2,30.4,18.5,23.7,78.2,8.8,28.3,37.2,18.0,13.3,5.2,5.7,4.2,27.8,23.8,-5.5
2012-13,,Indiana Pacers,19,11,8,.579,48.3,91.8,32.2,74.4,43.3,6.3,19.2,32.7,21.1,28.5,74.0,12.7,32.9,45.6,17.5,16.4,5.4,4.5,4.7,22.4,24.8,0.2
2012-13,,Houston Rockets,6,2,4,.333,48.0,100.0,34.3,81.0,42.4,11.7,33.7,34.7,19.7,27.7,71.1,10.8,32.7,43.5,18.0,15.8,5.8,5.5,7.3,23.2,24.7,-5.8
2012-13,,Golden State Warriors,12,6,6,.500,49.3,102.7,39.0,84.4,46.2,8.7,22.3,38.8,16.0,21.8,73.6,11.5,34.6,46.1,21.7,16.5,6.4,4.9,3.5,23.8,21.9,0.2
2012-13,,Denver Nuggets,6,2,4,.333,48.0,103.0,37.2,84.8,43.8,7.0,22.5,31.1,21.7,29.7,73.0,11.8,26.8,38.7,21.2,14.5,9.0,2.8,6.7,23.2,23.5,-4.2
2012-13,,Chicago Bulls,12,5,7,.417,49.3,91.9,35.0,79.9,43.8,5.4,17.0,31.9,16.5,22.9,72.0,11.8,29.0,40.8,19.5,14.3,6.4,4.6,5.8,22.4,21.2,-6.7
2012-13,,Brooklyn Nets,7,3,4,.429,50.1,99.4,37.0,83.7,44.2,6.1,19.4,31.6,19.3,25.4,75.8,11.7,30.4,42.1,19.9,11.6,6.3,5.6,5.7,19.9,21.7,2.0
2012-13,,Boston Celtics,6,2,4,.333,48.8,82.3,28.5,69.0,41.3,6.8,20.7,33.1,18.5,21.5,86.0,5.2,33.8,39.0,16.8,17.3,5.5,3.0,4.3,18.8,21.3,-5.3
2012-13,,Atlanta Hawks,6,2,4,.333,48.0,89.3,32.7,77.3,42.2,6.2,18.7,33.0,17.8,26.2,68.2,8.3,30.0,38.3,19.2,12.2,7.3,3.8,4.8,24.2,23.8,-5.2
2011-12,,Utah Jazz,4,0,4,.000,48.0,86.3,32.8,85.8,38.2,2.3,11.3,20.0,18.5,26.3,70.5,16.0,32.5,48.5,16.8,13.5,6.5,6.8,5.5,20.3,19.8,-16.0
2011-12,,San Antonio Spurs,14,10,4,.714,48.0,102.0,37.9,78.9,48.1,9.4,22.6,41.6,16.7,22.9,73.1,8.6,32.0,40.6,22.9,14.3,6.5,4.6,7.0,20.4,20.9,5.9
2011-12,,Philadelphia 76ers,13,7,6,.538,48.0,85.7,32.1,78.1,41.1,4.0,13.2,30.4,17.5,24.4,71.9,10.8,31.0,41.8,18.2,11.5,7.6,5.3,6.0,18.7,21.0,-1.2
2011-12,,Orlando Magic,5,1,4,.200,49.0,83.8,31.0,77.8,39.8,8.4,24.6,34.1,13.4,19.0,70.5,9.8,28.6,38.4,17.2,14.0,6.0,4.4,6.2,19.0,19.0,-10.8
2011-12,,Oklahoma City Thunder,20,13,7,.650,48.0,101.3,37.2,80.0,46.5,6.8,19.2,35.5,20.1,24.5,82.0,9.3,30.5,39.8,18.0,11.6,8.7,6.9,4.1,22.4,20.9,4.0
2011-12,,New York Knicks,5,1,4,.200,48.0,82.8,30.6,73.4,41.7,5.0,18.2,27.5,16.6,21.8,76.1,12.4,28.0,40.4,12.6,18.4,6.0,2.2,3.8,24.2,19.8,-14.0
2011-12,,Miami Heat,23,16,7,.696,48.4,97.3,35.0,76.0,46.0,6.8,19.7,34.7,20.6,27.7,74.4,10.2,30.3,40.4,17.5,13.0,7.3,5.0,3.8,20.6,23.9,7.1
2011-12,,Memphis Grizzlies,7,3,4,.429,48.7,91.4,32.6,76.3,42.7,3.4,11.9,28.9,22.9,30.7,74.4,13.4,29.3,42.7,16.3,15.4,7.1,4.9,6.1,23.3,25.6,0.7
2011-12,,Los Angeles Lakers,12,5,7,.417,48.0,94.0,35.2,83.2,42.3,5.3,17.3,30.4,18.4,23.7,77.8,14.2,30.7,44.8,18.8,12.5,5.8,7.8,7.4,19.7,21.7,-4.2
2011-12,,Los Angeles Clippers,11,4,7,.364,48.5,90.9,34.5,75.3,45.8,6.2,16.4,37.8,15.8,23.7,66.7,8.7,28.1,36.8,17.3,14.7,9.5,6.5,5.0,24.1,21.5,-4.6
2011-12,,Indiana Pacers,11,6,5,.545,48.5,90.9,33.7,79.5,42.4,5.7,17.9,32.0,17.7,23.0,77.1,12.4,31.6,44.0,16.3,15.1,6.9,5.5,5.5,22.0,20.4,1.4
2011-12,,Denver Nuggets,7,3,4,.429,48.0,96.7,38.4,89.3,43.0,5.3,19.0,27.8,14.6,20.3,71.8,15.4,32.3,47.7,20.9,11.1,7.0,6.9,9.4,21.0,18.7,0.4
2011-12,,Dallas Mavericks,4,0,4,.000,48.0,93.3,31.5,78.0,40.4,8.0,21.5,37.2,22.3,26.8,83.2,10.5,30.0,40.5,15.5,14.5,8.0,3.5,7.3,20.8,24.3,-6.5
2011-12,,Chicago Bulls,6,2,4,.333,48.0,84.3,34.0,80.7,42.1,4.3,12.7,34.2,12.0,18.5,64.9,11.5,35.3,46.8,22.5,14.3,5.2,6.7,6.3,20.5,18.8,-1.7
2011-12,,Boston Celtics,20,11,9,.550,48.8,89.5,33.8,77.2,43.8,4.7,16.3,28.5,17.3,21.6,79.9,8.0,31.9,39.9,19.8,13.0,8.2,4.9,4.4,21.7,19.8,1.0
2011-12,,Atlanta Hawks,6,2,4,.333,48.8,82.2,31.8,79.3,40.1,5.8,18.8,31.0,12.7,16.2,78.4,10.0,32.5,42.5,17.5,15.3,5.5,3.3,6.2,19.8,18.8,-4.7
2010-11,,San Antonio Spurs,6,2,4,.333,48.8,94.3,33.7,77.2,43.6,5.3,18.2,29.4,21.7,28.5,76.0,10.2,31.5,41.7,17.8,14.3,7.3,5.8,4.8,21.5,24.5,-3.2
2010-11,,Portland Trail Blazers,6,2,4,.333,48.0,88.2,33.2,73.2,45.3,5.0,16.7,30.0,16.8,21.5,78.3,9.2,28.5,37.7,17.0,11.5,5.7,5.2,3.7,20.8,19.5,-5.2
2010-11,,Philadelphia 76ers,5,1,4,.200,48.0,86.6,33.8,81.6,41.4,6.4,16.4,39.0,12.6,17.4,72.4,10.6,30.0,40.6,20.4,10.6,6.4,3.6,6.2,20.4,14.8,-7.4
2010-11,,Orlando Magic,6,2,4,.333,48.0,88.7,31.0,75.8,40.9,6.2,23.5,26.2,20.5,27.8,73.7,11.8,30.5,42.3,14.5,12.8,6.5,4.0,3.8,21.5,24.2,1.8
2010-11,,Oklahoma City Thunder,17,9,8,.529,49.5,102.5,35.3,79.7,44.3,6.3,19.9,31.6,25.6,31.4,81.6,13.1,32.9,45.9,17.6,15.4,6.8,7.6,5.2,25.0,23.1,1.9
2010-11,,New York Knicks,4,0,4,.000,48.0,90.8,32.0,83.0,38.6,8.3,23.8,34.7,18.5,24.8,74.7,14.5,26.0,40.5,16.8,15.3,6.5,6.8,5.0,18.8,21.0,-8.5
2010-11,,New Orleans Hornets,6,2,4,.333,48.0,89.3,32.8,71.8,45.7,4.5,14.0,32.1,19.2,25.8,74.2,7.7,25.8,33.5,20.2,12.8,7.2,3.0,5.8,23.7,21.2,-7.2
2010-11,,Miami Heat,21,14,7,.667,48.5,92.8,32.6,73.3,44.5,5.9,17.9,33.1,21.6,27.8,77.7,10.1,30.9,41.0,16.5,13.9,7.3,6.0,4.2,19.2,21.5,2.7
2010-11,,Memphis Grizzlies,13,7,6,.538,49.9,98.6,36.7,84.0,43.7,3.8,12.1,31.8,21.4,28.2,76.0,12.5,30.6,43.1,18.8,13.1,8.0,6.0,6.8,23.6,23.7,-0.7
2010-11,,Los Angeles Lakers,10,4,6,.400,48.0,93.2,34.7,77.8,44.6,4.8,16.6,28.9,19.0,24.5,77.6,12.6,28.3,40.9,18.9,12.5,6.9,5.1,3.7,20.6,21.6,-1.3
2010-11,,Indiana Pacers,5,1,4,.200,48.0,90.2,32.8,80.2,40.9,5.8,15.4,37.7,18.8,24.4,77.0,13.0,25.4,38.4,16.0,15.2,8.2,5.6,7.6,23.0,22.2,-7.4
2010-11,,Denver Nuggets,5,1,4,.200,48.0,97.4,32.6,77.0,42.3,6.8,18.4,37.0,25.4,36.0,70.6,7.4,30.6,38.0,17.6,12.2,6.6,3.6,8.6,23.8,25.0,-4.8
2010-11,,Dallas Mavericks,21,16,5,.762,48.2,98.2,34.5,74.9,46.1,8.8,22.2,39.4,20.5,25.4,80.9,9.7,28.7,38.4,20.1,12.9,7.1,4.1,5.1,20.1,21.6,5.8
2010-11,,Chicago Bulls,16,9,7,.563,48.3,92.5,34.0,80.6,42.2,6.3,19.2,32.9,18.2,23.2,78.4,13.4,30.2,43.6,20.1,13.6,7.3,6.6,6.4,21.3,19.6,4.3
2010-11,,Boston Celtics,9,5,4,.556,48.6,94.7,35.8,76.9,46.5,7.4,16.0,46.5,15.7,20.1,77.9,8.9,30.1,39.0,21.0,15.7,7.3,4.2,6.4,21.9,19.7,1.3
2010-11,,Atlanta Hawks,12,6,6,.500,48.0,86.3,32.9,75.8,43.4,4.5,13.9,32.3,15.9,21.9,72.6,9.0,28.2,37.2,18.1,12.4,6.3,5.0,5.3,20.3,20.0,-4.4
2009-10,,Utah Jazz,10,4,6,.400,48.0,107.1,38.1,79.5,47.9,6.5,17.4,37.4,24.4,33.5,72.8,10.9,28.7,39.6,23.8,13.2,5.9,4.4,5.8,27.0,27.2,-2.2
2009-10,,San Antonio Spurs,10,4,6,.400,48.0,96.1,36.4,78.5,46.4,4.8,14.2,33.8,18.5,26.6,69.5,10.1,31.0,41.1,19.2,12.7,6.8,4.3,4.5,21.0,22.6,-3.4
2009-10,,Portland Trail Blazers,6,2,4,.333,48.0,93.0,33.0,76.8,43.0,6.3,16.7,38.0,20.7,28.0,73.8,10.8,26.5,37.3,19.5,11.0,6.0,4.3,4.2,23.2,24.2,-10.3
2009-10,,Phoenix Suns,16,10,6,.625,48.0,107.1,38.0,79.6,47.7,9.4,24.4,38.4,21.8,28.1,77.3,10.7,29.4,40.1,20.8,12.6,5.9,4.1,5.2,22.4,23.3,4.6
2009-10,,Orlando Magic,14,10,4,.714,48.4,96.6,32.8,70.8,46.3,9.9,26.9,36.6,21.1,30.1,70.1,9.3,31.1,40.4,16.9,13.7,6.4,5.5,3.8,22.4,26.1,8.6
2009-10,,Oklahoma City Thunder,6,2,4,.333,48.0,93.8,30.7,78.5,39.1,5.5,18.5,29.7,27.0,32.3,83.5,11.7,31.7,43.3,16.2,12.5,6.5,6.2,6.2,22.8,24.8,-1.7
2009-10,,Milwaukee Bucks,7,3,4,.429,48.0,90.0,33.7,79.6,42.4,6.6,21.3,30.9,16.0,19.9,80.6,11.1,28.0,39.1,16.3,12.4,6.3,3.3,6.9,21.0,19.1,-3.7
2009-10,,Miami Heat,5,1,4,.200,48.0,87.6,33.6,77.2,43.5,6.8,18.2,37.4,13.6,18.6,73.1,9.4,28.2,37.6,17.6,17.8,7.0,5.0,4.4,22.8,18.8,-8.2
2009-10,,Los Angeles Lakers,23,16,7,.696,48.0,101.1,37.3,81.2,46.0,6.8,20.7,33.0,19.6,26.0,75.4,12.8,30.1,42.9,19.7,12.5,6.7,6.2,4.8,23.2,23.3,3.8
2009-10,,Denver Nuggets,6,2,4,.333,48.0,109.3,37.3,78.5,47.6,6.5,18.2,35.8,28.2,36.8,76.5,10.3,29.3,39.7,19.2,13.7,8.2,4.7,4.3,30.8,27.8,-1.2
2009-10,,Dallas Mavericks,6,2,4,.333,48.0,92.8,34.0,79.3,42.9,6.3,19.3,32.8,18.5,23.3,79.3,12.0,31.8,43.8,18.5,13.0,7.5,5.0,3.2,22.5,19.8,-0.5
2009-10,,Cleveland Cavaliers,11,6,5,.545,48.0,100.2,34.9,74.5,46.9,7.2,20.6,34.8,23.2,31.3,74.1,8.6,31.1,39.7,21.1,14.9,6.1,6.6,4.2,21.9,24.5,1.3
2009-10,,Chicago Bulls,5,1,4,.200,48.0,97.0,37.8,86.2,43.9,3.2,10.8,29.6,18.2,22.8,79.8,10.8,30.2,41.0,19.0,10.0,5.8,3.0,8.2,21.4,21.0,-9.2
2009-10,,Charlotte Bobcats,4,0,4,.000,48.0,85.5,31.3,70.5,44.3,4.8,17.0,27.9,18.3,25.5,71.6,8.5,28.0,36.5,20.3,15.5,5.5,4.5,6.5,26.8,23.5,-9.3
2009-10,,Boston Celtics,24,15,9,.625,48.2,93.9,34.3,75.7,45.3,5.8,16.0,36.3,19.5,25.8,75.5,8.8,30.3,39.1,21.1,13.9,8.0,4.6,5.4,24.6,22.7,2.8
2009-10,,Atlanta Hawks,11,4,7,.364,48.0,89.5,33.8,79.6,42.5,4.5,13.6,33.3,17.3,22.0,78.5,13.0,26.9,39.9,16.4,11.7,6.4,5.1,4.0,21.2,20.6,-6.8
2008-09,,Utah Jazz,5,1,4,.200,48.0,97.4,35.0,81.0,43.2,5.0,14.6,34.2,22.4,30.2,74.2,13.2,29.4,42.6,25.4,14.6,9.8,3.4,5.6,23.8,24.4,-9.2
2008-09,,San Antonio Spurs,5,1,4,.200,48.0,90.4,35.0,76.6,45.7,5.8,17.6,33.0,14.6,20.6,70.9,8.8,28.8,37.6,16.0,11.0,5.6,3.0,4.6,22.0,18.6,-6.0
2008-09,,Portland Trail Blazers,6,2,4,.333,48.0,87.2,33.3,74.5,44.7,5.5,14.2,38.8,15.0,19.7,76.3,9.8,26.5,36.3,14.7,11.3,6.0,7.5,3.3,21.7,20.0,-5.3
2008-09,,Philadelphia 76ers,6,2,4,.333,48.0,88.5,34.0,75.0,45.3,5.8,15.8,36.8,14.7,20.7,71.0,8.0,28.8,36.8,17.8,14.7,6.2,3.0,5.0,23.0,20.2,-7.7
2008-09,,Orlando Magic,24,13,11,.542,48.6,97.0,34.5,75.4,45.7,8.4,23.3,36.0,19.6,27.1,72.2,8.3,30.0,38.4,18.9,13.2,6.8,4.8,3.8,21.4,24.3,1.8
2008-09,,New Orleans Hornets,5,1,4,.200,48.0,84.2,27.8,70.2,39.6,6.0,18.4,32.6,22.6,28.0,80.7,9.2,27.8,37.0,15.8,18.4,6.6,2.6,5.2,24.8,24.8,-24.2
2008-09,,Miami Heat,7,3,4,.429,48.0,88.1,31.3,69.6,45.0,7.1,20.0,35.7,18.4,22.6,81.6,8.9,29.9,38.7,15.0,13.4,6.1,5.7,3.6,22.1,21.3,0.9
2008-09,,Los Angeles Lakers,23,16,7,.696,48.4,102.4,37.4,80.5,46.5,7.0,18.4,37.7,20.6,27.5,74.7,11.1,30.9,42.0,19.4,13.0,7.9,6.3,4.3,23.5,23.1,7.2
2008-09,,Houston Rockets,13,7,6,.538,48.0,91.5,34.0,76.1,44.7,6.6,20.2,32.8,16.8,21.9,76.8,9.7,30.8,40.5,17.0,14.2,6.2,3.2,7.1,20.1,21.4,-1.5
2008-09,,Detroit Pistons,4,0,4,.000,48.0,78.0,31.5,77.0,40.9,3.0,12.3,24.5,12.0,14.5,82.8,7.5,26.0,33.5,16.5,11.3,4.3,3.0,4.5,23.8,15.8,-15.5
2008-09,,Denver Nuggets,16,10,6,.625,48.0,107.9,37.3,78.4,47.5,8.1,21.1,38.3,25.4,33.4,75.9,10.7,29.6,40.3,22.6,12.1,9.2,5.2,4.4,25.8,25.5,8.6
2008-09,,Dallas Mavericks,10,5,5,.500,48.0,101.6,35.6,75.7,47.0,7.3,20.6,35.4,23.1,28.4,81.3,9.2,31.5,40.7,18.1,13.0,6.5,3.8,4.1,22.8,23.7,-0.9
2008-09,,Cleveland Cavaliers,14,10,4,.714,48.4,97.6,34.8,75.1,46.3,6.6,19.8,33.6,21.4,28.8,74.2,10.1,30.2,40.3,19.1,12.4,6.6,4.6,3.3,20.6,22.6,8.5
2008-09,,Chicago Bulls,7,3,4,.429,53.0,108.3,38.4,87.1,44.1,7.3,19.3,37.8,24.1,29.9,80.9,10.4,35.1,45.6,19.9,16.1,6.7,8.1,6.7,24.6,23.6,-4.3
2008-09,,Boston Celtics,14,7,7,.500,50.5,102.1,37.4,84.1,44.5,6.7,18.6,36.0,20.6,26.0,79.1,10.9,32.4,43.2,22.9,13.6,7.8,4.9,6.5,24.3,22.7,0.0
2008-09,,Atlanta Hawks,11,4,7,.364,48.0,84.0,30.1,73.6,40.9,6.1,17.5,34.7,17.7,23.8,74.4,10.7,24.2,34.9,16.9,12.1,6.9,3.4,5.5,21.4,21.1,-7.1
2007-08,,Washington Wizards,6,2,4,.333,48.0,92.2,32.0,75.2,42.6,6.0,19.7,30.5,22.2,29.0,76.4,9.7,27.7,37.3,15.7,12.3,7.2,4.8,4.8,22.8,23.2,-3.3
2007-08,,Utah Jazz,12,6,6,.500,48.4,98.9,36.4,81.8,44.5,5.8,16.7,35.0,20.3,27.0,75.0,14.5,29.8,44.3,21.4,12.9,6.5,5.8,6.5,25.5,22.8,-0.3
2007-08,,Toronto Raptors,5,1,4,.200,48.0,99.4,37.2,85.6,43.5,8.4,24.0,35.0,16.6,19.2,86.5,9.8,29.4,39.2,24.0,10.0,7.2,2.4,5.2,22.8,18.0,-4.6
2007-08,,San Antonio Spurs,17,9,8,.529,48.6,94.1,35.5,79.7,44.6,7.5,20.1,37.5,15.5,20.8,74.5,9.0,32.8,41.8,20.4,12.8,5.3,4.1,5.3,22.5,20.3,-0.9
2007-08,,Phoenix Suns,5,1,4,.200,50.0,100.4,38.0,82.4,46.1,5.0,14.8,33.8,19.4,30.4,63.8,9.4,32.2,41.6,18.8,12.4,5.2,7.0,5.0,22.6,27.6,-2.0
2007-08,,Philadelphia 76ers,6,2,4,.333,48.0,85.8,31.2,74.7,41.7,1.8,7.8,23.4,21.7,30.0,72.2,13.5,24.7,38.2,15.8,14.8,8.8,3.7,6.8,19.2,23.7,-7.0
2007-08,,Orlando Magic,10,5,5,.500,48.0,97.1,35.4,75.4,46.9,9.0,25.3,35.6,17.3,24.3,71.2,11.7,31.2,42.9,17.4,14.5,4.8,4.9,3.4,20.5,22.0,1.6
2007-08,,New Orleans Hornets,12,7,5,.583,48.0,96.6,37.6,81.0,46.4,5.8,14.0,41.1,15.7,20.3,77.4,10.3,31.8,42.1,19.3,8.8,7.3,5.1,4.0,20.7,20.7,3.7
2007-08,,Los Angeles Lakers,21,14,7,.667,48.2,102.4,36.8,78.6,46.8,7.0,19.0,36.7,22.0,29.1,75.3,8.8,30.8,39.6,20.8,13.3,7.2,5.3,4.4,23.3,25.0,2.2
2007-08,,Houston Rockets,6,2,4,.333,48.0,88.0,32.2,78.7,40.9,5.8,20.0,29.2,17.8,26.2,68.2,13.0,29.0,42.0,15.5,10.8,6.8,5.5,6.2,21.2,21.8,-2.5
2007-08,,Detroit Pistons,17,10,7,.588,48.0,91.4,33.9,74.5,45.5,4.5,13.3,34.1,19.1,23.8,80.2,10.6,25.6,36.2,20.5,12.9,7.4,5.8,3.9,23.3,21.8,2.3
2007-08,,Denver Nuggets,4,0,4,.000,48.0,101.5,37.8,88.5,42.7,4.5,18.0,25.0,21.5,29.0,74.1,16.5,32.3,48.8,18.5,14.5,6.3,4.8,6.3,25.5,22.5,-13.3
2007-08,,Dallas Mavericks,5,1,4,.200,48.0,94.0,31.6,78.8,40.1,7.2,20.8,34.6,23.6,30.0,78.7,14.4,30.8,45.2,19.4,11.6,4.0,4.0,5.6,20.6,22.4,-8.8
2007-08,,Cleveland Cavaliers,13,7,6,.538,48.0,89.9,31.1,74.1,42.0,6.7,19.4,34.5,21.1,29.2,72.1,11.8,29.2,40.9,20.2,13.8,6.0,4.8,4.2,22.1,23.5,2.2
2007-08,,Boston Celtics,26,16,10,.615,48.0,94.0,33.6,75.1,44.7,6.0,16.8,35.9,20.8,26.6,78.3,11.1,28.9,40.0,21.5,12.8,7.6,4.3,5.0,24.3,22.8,5.2
2007-08,,Atlanta Hawks,7,3,4,.429,48.0,87.1,29.3,71.3,41.1,4.0,12.4,32.2,24.6,31.4,78.2,11.6,26.7,38.3,17.4,15.9,4.3,5.7,5.7,20.1,25.0,-12.0
2006-07,,Washington Wizards,4,0,4,.000,48.0,91.5,34.3,83.0,41.3,6.3,20.5,30.5,16.8,21.8,77.0,10.3,26.3,36.5,18.8,8.8,5.5,3.0,3.5,21.3,19.0,-8.8
2006-07,,Utah Jazz,17,9,8,.529,48.3,97.9,36.4,79.4,45.9,4.3,12.6,34.1,20.8,27.7,74.9,13.0,31.2,44.2,22.2,16.0,7.4,4.8,5.5,24.6,23.2,0.9
2006-07,,Toronto Raptors,6,2,4,.333,48.0,90.8,32.5,73.5,44.2,5.3,14.5,36.8,20.5,25.5,80.4,7.3,30.5,37.8,16.2,14.7,7.7,4.0,3.5,21.3,21.3,-5.3
2006-07,,San Antonio Spurs,20,16,4,.800,48.0,95.7,35.3,76.8,45.9,7.6,19.7,38.4,17.6,24.3,72.4,10.5,30.1,40.6,19.9,13.9,7.1,5.5,4.6,20.5,20.8,4.0
2006-07,,Phoenix Suns,11,6,5,.545,48.0,104.1,39.0,81.8,47.7,7.1,18.7,37.9,19.0,24.4,78.0,9.2,31.2,40.4,23.4,13.8,6.4,5.2,5.3,19.6,22.5,5.0
2006-07,,Orlando Magic,4,0,4,.000,48.0,88.0,34.5,72.3,47.8,2.5,7.3,34.5,16.5,28.5,57.9,11.3,29.0,40.3,18.0,14.8,4.3,3.5,4.3,24.3,23.0,-9.0
2006-07,,New Jersey Nets,12,6,6,.500,48.0,90.2,32.6,73.3,44.4,7.7,20.8,36.8,17.3,23.3,74.3,8.6,31.3,39.8,23.0,16.1,6.3,2.9,4.0,21.2,21.4,1.8
2006-07,,Miami Heat,4,0,4,.000,48.0,88.8,33.3,74.8,44.5,5.5,17.0,32.4,16.8,27.3,61.5,8.0,28.3,36.3,17.8,14.8,6.3,5.3,4.3,25.3,23.5,-11.0
2006-07,,Los Angeles Lakers,5,1,4,.200,48.0,98.0,38.0,86.0,44.2,6.4,19.8,32.3,15.6,21.6,72.2,14.2,29.2,43.4,14.4,15.2,5.8,4.0,4.0,23.0,18.6,-10.4
2006-07,,Houston Rockets,7,3,4,.429,48.0,87.3,29.7,72.4,41.0,7.1,22.3,32.1,20.7,26.3,78.8,9.9,31.7,41.6,18.1,14.9,7.0,4.1,4.9,19.3,22.9,-3.1
2006-07,,Golden State Warriors,11,5,6,.455,48.5,106.6,36.5,81.2,45.0,11.1,31.0,35.8,22.5,30.5,73.5,11.5,26.8,38.3,17.2,14.9,10.3,5.5,4.9,26.6,25.1,1.7
2006-07,,Detroit Pistons,16,10,6,.625,48.6,91.4,32.7,76.0,43.0,5.8,16.6,35.0,20.2,26.3,76.7,11.8,28.8,40.6,20.1,13.3,7.1,4.7,3.7,23.9,22.3,2.9
2006-07,,Denver Nuggets,5,1,4,.200,48.0,88.2,33.6,79.4,42.3,4.6,14.4,31.9,16.4,21.0,78.1,13.0,30.4,43.4,17.6,15.2,5.6,4.2,5.2,18.0,17.8,-6.0
2006-07,,Dallas Mavericks,6,2,4,.333,48.0,98.5,34.2,80.8,42.3,7.0,22.2,31.6,23.2,30.0,77.2,14.0,30.3,44.3,17.8,16.3,8.3,5.0,4.3,23.8,24.8,-6.7
2006-07,,Cleveland Cavaliers,20,12,8,.600,48.5,88.8,32.1,76.3,42.1,5.4,16.6,32.6,19.2,26.1,73.7,11.9,31.4,43.3,17.5,13.0,7.2,3.5,3.8,20.7,21.0,2.2
2006-07,,Chicago Bulls,10,6,4,.600,48.0,92.4,32.5,75.6,43.0,5.9,16.6,35.5,21.5,29.5,72.9,11.6,30.3,41.9,20.6,15.3,7.0,4.2,4.4,22.1,25.5,1.1
2005-06,,Washington Wizards,6,2,4,.333,49.7,101.7,35.3,78.7,44.9,6.2,19.2,32.2,24.8,33.3,74.5,11.5,27.7,39.2,17.5,12.8,6.8,5.5,4.3,22.7,26.8,0.2
2005-06,,San Antonio Spurs,13,7,6,.538,49.2,103.1,36.5,74.1,49.2,6.0,15.3,39.2,24.2,31.1,77.7,8.2,29.0,37.2,17.5,13.3,6.5,5.5,4.2,23.7,26.6,2.2
2005-06,,Sacramento Kings,6,2,4,.333,48.8,97.3,34.7,78.2,44.3,5.2,15.7,33.0,22.8,28.8,79.2,12.3,26.0,38.3,15.3,13.0,7.5,2.5,5.7,26.0,22.8,-9.5
2005-06,,Phoenix Suns,20,10,10,.500,49.0,107.2,40.1,83.1,48.2,9.2,23.5,39.1,17.9,21.6,83.1,7.7,29.0,36.7,23.4,11.6,5.7,4.4,4.3,21.9,21.7,1.2
2005-06,,New Jersey Nets,11,5,6,.455,48.0,94.2,34.3,75.8,45.2,5.4,17.5,30.7,20.3,26.6,76.1,10.0,28.6,38.6,22.1,12.7,6.9,2.5,3.7,26.6,24.0,-0.9
2005-06,,Milwaukee Bucks,5,1,4,.200,48.0,97.6,37.8,80.2,47.1,5.2,12.4,41.9,16.8,21.4,78.5,10.6,26.4,37.0,21.0,13.2,6.0,2.4,4.4,26.8,20.0,-9.6
2005-06,,Miami Heat,23,16,7,.696,48.2,96.3,34.8,72.4,48.1,6.3,19.1,33.3,20.3,30.9,65.5,9.5,32.5,42.0,17.5,15.5,7.0,4.6,2.9,24.0,25.7,3.8
2005-06,,Memphis Grizzlies,4,0,4,.000,49.3,84.3,30.0,66.5,45.1,3.8,12.0,31.3,20.5,28.3,72.6,8.3,26.0,34.3,14.0,16.0,4.8,3.8,4.5,27.5,28.0,-14.0
2005-06,,Los Angeles Lakers,7,3,4,.429,49.4,100.6,37.7,83.1,45.4,7.1,21.4,33.3,18.0,23.6,76.4,11.0,31.6,42.6,17.1,15.0,6.4,3.1,3.4,22.9,21.4,-6.7
2005-06,,Los Angeles Clippers,12,7,5,.583,48.8,105.7,39.7,80.8,49.1,4.5,11.9,37.8,21.8,26.8,81.6,11.0,34.6,45.6,20.8,15.5,5.0,5.9,4.2,23.9,22.4,3.8
2005-06,,Indiana Pacers,6,2,4,.333,48.0,89.3,31.2,70.3,44.3,6.7,19.5,34.2,20.3,27.2,74.8,8.3,29.0,37.3,17.8,15.8,6.0,4.5,3.2,24.8,25.2,-3.7
2005-06,,Detroit Pistons,18,10,8,.556,48.0,91.7,32.1,74.3,43.2,6.9,18.5,37.2,20.6,28.4,72.4,11.3,27.4,38.8,18.7,11.9,6.4,4.1,4.3,20.4,23.8,3.2
2005-06,,Denver Nuggets,5,1,4,.200,48.0,87.4,32.6,85.8,38.0,3.0,13.6,22.1,19.2,26.4,72.7,14.0,27.8,41.8,19.8,11.8,6.8,4.2,5.8,23.2,27.0,-7.6
2005-06,,Dallas Mavericks,23,14,9,.609,48.9,99.7,36.1,80.1,45.1,4.8,15.1,31.7,22.7,28.0,80.9,12.2,30.5,42.7,15.3,12.8,6.6,4.3,4.8,25.5,24.4,4.1
2005-06,,Cleveland Cavaliers,13,7,6,.538,48.8,90.4,33.6,76.8,43.7,4.2,13.2,32.0,18.9,24.8,76.4,12.5,29.8,42.2,16.2,14.5,6.5,4.2,5.4,24.6,21.0,-3.2
2005-06,,Chicago Bulls,6,2,4,.333,48.0,98.3,34.0,76.3,44.5,7.8,19.8,39.5,22.5,30.3,74.2,8.8,30.5,39.3,18.3,15.8,5.7,3.8,5.3,25.8,26.2,-3.0
2004-05,,Washington Wizards,10,4,6,.400,48.0,100.4,35.1,82.6,42.5,5.6,18.8,29.8,24.6,33.8,72.8,12.9,29.9,42.8,17.2,13.7,8.2,5.8,5.4,25.4,0.0,-2.5
2004-05,,Seattle SuperSonics,11,6,5,.545,48.0,98.5,35.5,77.5,45.8,4.8,15.7,30.6,22.8,28.5,79.9,12.6,27.6,40.3,16.2,13.8,6.5,4.5,5.1,26.1,0.4,-1.7
2004-05,,San Antonio Spurs,23,16,7,.696,48.4,96.9,34.7,76.5,45.4,7.1,18.3,38.9,20.4,28.0,72.7,12.3,29.7,42.1,18.4,14.5,5.6,5.8,5.9,21.9,0.0,4.3
2004-05,,Sacramento Kings,5,1,4,.200,48.0,102.2,38.4,86.2,44.5,5.8,20.8,27.9,19.6,24.6,79.7,13.0,23.0,36.0,20.2,11.2,6.2,4.0,4.8,25.8,0.6,-4.4
2004-05,,Phoenix Suns,15,9,6,.600,48.3,112.0,41.8,84.8,49.3,8.6,19.7,43.6,19.8,25.8,76.7,12.1,31.1,43.1,20.5,12.9,6.1,6.3,4.9,20.1,0.0,4.2
2004-05,,Philadelphia 76ers,5,1,4,.200,49.0,90.8,34.8,79.6,43.7,6.6,19.4,34.0,14.6,20.4,71.6,9.6,25.2,34.8,19.8,12.8,8.6,4.0,6.4,21.8,0.2,-8.0
2004-05,,New Jersey Nets,4,0,4,.000,50.5,96.8,33.5,84.8,39.5,6.3,21.5,29.1,23.5,31.3,75.2,13.0,29.8,42.8,21.3,13.0,7.5,1.3,3.5,30.8,0.0,-12.8
2004-05,,Miami Heat,15,11,4,.733,48.7,98.0,36.0,73.1,49.2,6.0,15.5,38.8,20.0,29.9,66.8,8.3,33.3,41.6,18.9,15.3,5.5,5.7,3.4,24.5,0.0,4.3
2004-05,,Memphis Grizzlies,4,0,4,.000,48.0,102.8,41.5,87.8,47.3,7.8,19.8,39.2,12.0,17.0,70.6,11.8,27.8,39.5,21.0,10.8,5.8,4.5,7.8,24.5,0.0,-11.0
2004-05,,Indiana Pacers,13,6,7,.462,48.4,84.0,28.8,73.0,39.5,5.6,17.8,31.6,20.7,26.4,78.4,10.9,29.2,40.1,18.0,15.1,8.1,5.9,6.6,22.0,0.0,-2.9
2004-05,,Houston Rockets,7,3,4,.429,48.0,97.6,35.0,75.1,46.6,7.1,17.7,40.3,20.4,25.9,79.0,10.7,27.0,37.7,18.0,14.3,7.3,5.9,4.9,24.7,0.3,-2.7
2004-05,,Detroit Pistons,25,15,10,.600,48.4,90.3,34.5,79.0,43.7,4.5,13.9,32.6,16.8,22.6,74.2,12.4,29.9,42.3,20.5,12.2,7.3,6.1,5.5,21.0,0.0,4.7
2004-05,,Denver Nuggets,5,1,4,.200,49.0,90.2,32.8,78.6,41.7,2.2,8.4,26.2,22.4,30.4,73.7,10.2,29.2,39.4,16.4,13.0,6.4,5.8,7.0,27.0,0.0,-10.2
2004-05,,Dallas Mavericks,13,6,7,.462,48.4,105.2,38.1,84.2,45.2,6.6,17.5,37.9,22.4,28.5,78.6,14.4,29.1,43.5,17.5,13.2,7.2,5.1,5.9,22.7,0.2,-1.6
2004-05,,Chicago Bulls,6,2,4,.333,48.0,102.5,35.5,84.7,41.9,9.0,23.2,38.8,22.5,31.2,72.2,14.2,30.3,44.5,21.7,15.2,6.3,5.0,6.5,29.2,0.0,-1.8
2004-05,,Boston Celtics,7,3,4,.429,48.7,87.7,32.9,74.3,44.2,4.9,14.9,32.7,17.1,22.7,75.5,10.3,29.1,39.4,16.6,15.3,8.4,6.4,6.6,25.4,0.0,-0.6
2003-04,,San Antonio Spurs,10,6,4,.600,48.0,89.3,33.5,76.2,44.0,6.9,18.9,36.5,15.4,23.9,64.4,12.6,29.7,42.3,19.4,15.5,7.7,4.2,5.2,22.8,0.1,3.1
2003-04,,Sacramento Kings,12,7,5,.583,48.4,95.2,35.3,82.9,42.5,5.8,16.8,34.8,18.8,24.8,75.8,10.9,33.1,44.0,22.8,14.3,9.4,3.7,6.3,21.1,0.0,0.1
2003-04,,New York Knicks,4,0,4,.000,48.0,84.0,30.8,80.0,38.4,4.3,14.5,29.3,18.3,25.3,72.3,12.3,26.3,38.5,19.5,16.3,9.3,4.0,5.0,28.0,0.0,-12.8
2003-04,,New Orleans Hornets,7,3,4,.429,48.0,80.6,29.3,76.3,38.4,5.9,18.6,31.5,16.1,20.7,77.9,12.3,30.0,42.3,19.3,17.1,6.1,4.6,4.0,20.9,0.1,-3.0
2003-04,,New Jersey Nets,11,7,4,.636,49.4,88.2,30.8,72.8,42.3,4.5,16.4,27.2,22.1,30.3,73.0,10.6,32.1,42.7,20.5,18.5,8.6,5.4,5.8,26.0,0.2,2.5
2003-04,,Minnesota Timberwolves,18,10,8,.556,48.3,91.9,33.9,77.1,44.1,5.9,15.2,38.7,18.2,23.3,78.0,9.7,32.3,42.0,19.3,15.0,6.6,5.2,3.4,24.3,0.1,-0.1
2003-04,,Milwaukee Bucks,5,1,4,.200,48.0,85.6,32.4,77.8,41.6,4.8,14.4,33.3,16.0,21.6,74.1,11.2,28.0,39.2,20.6,16.4,8.2,4.2,8.0,22.4,0.2,-12.6
2003-04,,Miami Heat,13,6,7,.462,48.0,84.1,30.5,74.8,40.8,3.7,13.4,27.6,19.3,25.6,75.4,11.4,30.5,41.8,16.3,14.2,7.5,4.1,5.0,24.4,0.2,0.2
2003-04,,Memphis Grizzlies,4,0,4,.000,48.0,83.5,30.8,72.5,42.4,3.8,12.8,29.4,18.3,23.5,77.7,9.5,25.0,34.5,14.5,14.3,9.5,5.0,6.3,25.0,0.3,-14.0
2003-04,,Los Angeles Lakers,22,13,9,.591,48.5,88.1,33.0,74.5,44.4,5.0,15.5,32.1,17.1,27.9,61.2,10.2,30.0,40.2,22.6,12.6,7.3,4.2,3.4,22.9,0.1,0.9
2003-04,,Indiana Pacers,16,10,6,.625,48.0,85.5,30.7,75.1,40.8,5.9,17.8,33.3,18.2,24.8,73.3,10.8,31.3,42.1,17.9,13.6,8.7,6.3,6.3,23.5,0.1,4.4
2003-04,,Houston Rockets,5,1,4,.200,49.0,84.6,31.8,74.4,42.7,4.6,15.2,30.3,16.4,22.8,71.9,9.6,34.8,44.4,17.2,16.8,5.2,3.6,4.0,22.8,0.0,-5.4
2003-04,,Detroit Pistons,23,16,7,.696,48.9,87.1,31.4,76.3,41.2,4.2,13.9,30.4,20.1,27.3,73.4,12.9,32.0,44.8,19.4,14.9,8.0,7.1,5.1,22.5,0.2,6.4
2003-04,,Denver Nuggets,5,1,4,.200,48.0,90.6,37.2,87.2,42.7,4.4,13.0,33.8,11.8,16.8,70.2,14.4,28.8,43.2,20.4,14.2,7.8,2.8,6.0,24.2,0.0,-4.0
2003-04,,Dallas Mavericks,5,1,4,.200,48.0,99.6,38.2,96.4,39.6,5.0,17.4,28.7,18.2,23.6,77.1,20.4,31.8,52.2,20.6,13.6,9.2,6.6,4.6,21.6,0.0,1.4
2003-04,,Boston Celtics,4,0,4,.000,48.0,84.5,28.8,70.5,40.8,5.3,15.8,33.3,21.8,27.0,80.6,9.3,31.8,41.0,17.5,19.8,6.5,5.0,6.0,20.3,0.0,-16.8
2002-03,,Utah Jazz,5,1,4,.200,48.0,93.0,33.8,77.8,43.4,1.8,6.8,26.5,23.6,30.0,78.7,14.0,25.2,39.2,21.0,16.4,7.2,5.6,5.8,24.8,0.2,-10.6
2002-03,,San Antonio Spurs,24,16,8,.667,48.2,94.8,33.8,76.8,44.1,5.3,15.2,35.1,21.8,30.6,71.2,12.1,33.4,45.5,20.7,15.2,7.8,6.9,5.7,21.4,0.0,5.5
2002-03,,Sacramento Kings,12,7,5,.583,48.8,107.9,39.3,85.5,45.9,6.8,18.4,36.7,22.7,29.2,77.7,12.8,31.5,44.3,22.6,13.4,7.5,4.8,5.6,23.0,0.1,2.3
2002-03,,Portland Trail Blazers,7,3,4,.429,48.0,101.3,36.4,79.0,46.1,6.3,17.0,37.0,22.1,29.4,75.2,15.0,29.7,44.7,23.3,13.7,6.3,3.0,4.3,22.6,0.1,1.0
2002-03,,Phoenix Suns,6,2,4,.333,48.8,85.2,32.3,83.7,38.6,4.7,15.7,29.8,15.8,22.2,71.4,13.3,29.7,43.0,16.2,16.2,9.5,5.8,6.8,29.2,0.0,-5.3
2002-03,,Philadelphia 76ers,12,6,6,.500,48.8,92.1,33.7,75.9,44.3,3.8,10.7,35.2,21.0,26.2,80.3,12.1,29.8,41.8,18.9,14.8,7.2,2.5,5.4,23.9,0.1,0.8
2002-03,,Orlando Magic,7,3,4,.429,48.0,87.6,31.0,73.1,42.4,5.1,16.3,31.6,20.4,26.1,78.1,9.9,28.3,38.1,16.0,15.3,5.3,4.0,5.4,29.9,0.0,-7.3
2002-03,,New Orleans Hornets,6,2,4,.333,48.0,92.8,33.8,77.2,43.8,6.3,17.2,36.9,18.8,25.3,74.3,12.3,26.8,39.2,20.0,14.7,7.3,5.0,2.3,25.5,0.3,-1.7
2002-03,,New Jersey Nets,20,14,6,.700,48.8,93.7,34.2,80.6,42.5,4.7,13.3,35.0,20.6,27.1,76.2,13.6,31.5,45.1,21.3,15.2,7.5,4.3,6.4,25.1,0.1,3.4
2002-03,,Minnesota Timberwolves,6,2,4,.333,48.8,100.5,37.5,81.0,46.3,4.7,14.0,33.3,20.8,25.8,80.6,8.8,33.3,42.2,22.0,15.8,6.8,3.5,5.7,24.2,0.0,-6.3
2002-03,,Milwaukee Bucks,6,2,4,.333,48.8,97.8,36.5,79.5,45.9,6.3,17.0,37.3,18.5,24.8,74.5,8.3,27.0,35.3,20.2,13.3,7.2,3.8,3.2,27.3,0.0,-4.3
2002-03,,Los Angeles Lakers,12,6,6,.500,48.4,100.3,37.3,83.3,44.8,7.1,20.0,35.4,18.5,26.1,70.9,12.3,30.9,43.3,20.9,13.8,7.0,5.3,3.8,24.0,0.1,0.3
2002-03,,Indiana Pacers,6,2,4,.333,48.8,91.2,30.2,77.7,38.8,5.2,17.7,29.2,25.7,32.5,79.0,13.2,33.7,46.8,19.8,14.2,7.0,5.8,4.0,23.5,0.0,-5.7
2002-03,,Detroit Pistons,17,8,9,.471,48.6,89.9,30.2,73.8,41.0,6.7,19.1,35.2,22.8,30.7,74.1,10.8,28.3,39.1,17.8,13.4,8.0,5.9,3.8,23.5,0.0,0.9
2002-03,,Dallas Mavericks,20,10,10,.500,48.5,104.1,38.7,86.1,45.0,9.2,23.2,39.7,17.5,21.1,82.9,11.2,30.9,42.1,20.4,12.5,6.1,5.2,4.5,24.3,0.1,-0.6
2002-03,,Boston Celtics,10,4,6,.400,49.5,94.6,33.4,79.1,42.2,8.6,24.3,35.4,19.2,24.0,80.0,8.8,31.9,40.7,20.7,14.8,8.6,4.3,4.3,25.9,0.1,-0.6
2001-02,,Utah Jazz,4,1,3,.250,48.0,88.0,33.0,79.5,41.5,3.5,11.5,30.4,18.5,27.0,68.5,15.3,28.0,43.3,23.0,16.5,9.0,7.0,5.0,26.0,0.3,-1.0
2001-02,,Toronto Raptors,5,2,3,.400,48.0,83.8,32.6,77.2,42.2,3.4,10.6,32.1,15.2,20.6,73.8,12.4,30.0,42.4,21.0,16.0,8.0,5.2,5.2,23.4,0.2,-2.8
2001-02,,Seattle SuperSonics,5,2,3,.400,48.0,86.2,34.2,79.6,43.0,4.8,12.2,39.3,13.0,19.0,68.4,11.4,28.8,40.2,17.4,10.6,4.0,4.8,7.8,23.4,0.0,-10.2
2001-02,,San Antonio Spurs,10,4,6,.400,48.0,91.1,32.9,76.2,43.2,5.0,14.7,34.0,20.3,26.6,76.3,11.1,29.9,41.0,16.9,11.1,6.1,6.5,5.0,20.4,0.1,3.0
2001-02,,Sacramento Kings,16,10,6,.625,48.6,101.1,36.9,82.4,44.8,5.0,16.2,30.9,22.2,29.9,74.1,12.9,32.6,45.6,20.6,14.8,7.5,4.7,5.4,23.8,0.1,2.3
2001-02,,Portland Trail Blazers,3,0,3,.000,48.0,91.3,31.3,82.0,38.2,6.7,18.0,37.0,22.0,27.7,79.5,12.0,32.0,44.0,20.7,14.7,8.3,3.0,6.3,27.0,0.3,-5.3
2001-02,,Philadelphia 76ers,5,2,3,.400,48.0,89.0,30.4,73.6,41.3,4.0,13.0,30.8,24.2,32.0,75.6,12.6,28.6,41.2,19.4,14.4,9.0,4.0,4.6,18.6,0.0,-8.8
2001-02,,Orlando Magic,4,1,3,.250,50.5,93.8,33.3,78.5,42.4,4.3,16.5,25.8,23.0,31.0,74.2,9.0,30.5,39.5,19.5,12.0,5.5,3.8,6.0,25.8,0.0,-5.0
2001-02,,New Jersey Nets,20,11,9,.550,48.5,95.4,35.9,82.9,43.2,4.2,14.6,28.5,19.5,26.9,72.6,12.4,30.4,42.7,21.3,14.2,7.9,5.5,6.3,24.5,0.1,-0.1
2001-02,,Minnesota Timberwolves,3,0,3,.000,48.0,102.0,36.0,81.0,44.4,5.0,12.7,39.5,25.0,34.7,72.1,14.3,35.0,49.3,16.0,15.7,5.7,2.7,5.3,27.0,0.7,-10.7
2001-02,,Los Angeles Lakers,19,15,4,.789,48.3,97.8,35.7,80.5,44.4,6.1,18.0,33.9,20.3,28.1,72.1,12.3,33.2,45.4,19.6,13.7,6.8,5.8,4.4,23.6,0.1,3.8
2001-02,,Indiana Pacers,5,2,3,.400,50.0,91.6,34.8,76.0,45.8,4.8,11.8,40.7,17.2,22.6,76.1,8.4,33.8,42.2,21.2,18.2,8.2,4.0,6.4,25.0,0.0,0.2
2001-02,,Detroit Pistons,10,4,6,.400,48.0,83.0,29.4,73.6,39.9,8.0,22.6,35.4,16.2,22.4,72.3,9.6,28.1,37.7,18.7,14.6,7.3,5.6,4.4,21.0,0.1,-0.4
2001-02,,Dallas Mavericks,8,4,4,.500,48.6,109.0,39.8,88.0,45.2,8.4,22.1,37.9,21.1,25.3,83.7,10.9,31.0,41.9,19.6,12.5,6.3,4.6,4.1,25.8,0.3,0.3
2001-02,,Charlotte Hornets,9,4,5,.444,49.1,96.1,34.1,81.0,42.1,4.4,12.2,36.4,23.4,32.3,72.5,14.7,31.6,46.2,19.6,14.8,8.9,7.3,5.2,27.4,0.1,0.0
2001-02,,Boston Celtics,16,9,7,.563,48.0,91.3,32.8,78.4,41.8,7.9,22.9,34.3,17.8,22.9,77.4,10.6,32.7,43.3,18.8,14.1,8.9,4.8,4.9,22.9,0.0,2.8
2000-01,,Utah Jazz,5,2,3,.400,48.0,89.6,33.0,77.8,42.4,3.6,11.0,32.7,20.0,25.8,77.5,12.6,29.4,42.0,23.2,12.2,5.2,5.2,5.4,26.8,0.0,-4.2
2000-01,,Toronto Raptors,12,6,6,.500,48.0,92.2,35.3,79.5,44.3,5.9,15.1,39.2,15.8,20.8,75.6,11.9,26.8,38.8,22.4,13.6,7.8,6.1,4.8,21.4,0.2,0.9
2000-01,,San Antonio Spurs,13,7,6,.538,48.0,91.5,33.4,76.1,43.9,5.5,15.2,36.4,19.2,26.8,71.6,10.7,32.9,43.6,19.6,13.9,6.1,6.0,5.5,20.7,0.2,-0.4
2000-01,,Sacramento Kings,8,3,5,.375,48.0,97.6,34.6,86.0,40.3,5.0,14.3,35.1,23.4,28.6,81.7,15.1,32.5,47.6,16.8,16.6,8.1,5.3,5.6,24.3,0.0,0.1
2000-01,,Portland Trail Blazers,3,0,3,.000,48.0,89.0,32.0,76.3,41.9,5.3,20.3,26.2,19.7,26.0,75.6,9.7,28.0,37.7,16.3,15.0,6.3,4.7,2.0,21.3,0.0,-14.7
2000-01,,Phoenix Suns,4,1,3,.250,48.0,88.5,34.0,89.5,38.0,4.3,17.0,25.0,16.3,22.8,71.4,13.5,30.8,44.3,21.3,13.8,9.8,5.8,5.3,23.5,0.0,-9.5
2000-01,,Philadelphia 76ers,23,12,11,.522,48.2,92.3,34.0,80.8,42.1,3.8,11.4,33.6,20.4,26.9,76.1,14.1,29.7,43.9,20.0,12.4,8.0,4.9,6.8,20.7,0.0,-0.1
2000-01,,Orlando Magic,4,1,3,.250,49.3,102.8,39.0,89.8,43.5,8.0,20.5,39.0,16.8,24.5,68.4,13.5,30.3,43.8,22.0,11.3,8.0,6.3,5.3,26.5,0.3,-5.8
2000-01,,New York Knicks,5,2,3,.400,48.0,89.0,33.4,71.4,46.8,4.0,11.8,33.9,18.2,23.4,77.8,7.8,28.6,36.4,15.6,14.6,6.2,3.8,5.2,24.2,0.4,-3.2
2000-01,,Minnesota Timberwolves,4,1,3,.250,48.0,82.0,30.8,79.5,38.7,3.0,10.0,30.0,17.5,21.5,81.4,11.0,31.5,42.5,18.5,12.8,7.5,5.8,4.5,24.3,0.0,-6.5
2000-01,,Milwaukee Bucks,18,10,8,.556,48.3,95.7,35.0,80.6,43.4,6.7,17.6,38.3,18.9,23.7,80.0,12.8,31.9,44.8,21.9,13.0,5.9,6.8,4.8,23.8,0.2,1.4
2000-01,,Miami Heat,3,0,3,.000,48.0,78.3,29.7,72.3,41.0,5.3,16.7,32.0,13.7,19.3,70.7,7.3,27.7,35.0,16.7,18.7,5.0,5.0,4.0,25.3,0.3,-22.3
2000-01,,Los Angeles Lakers,16,15,1,.938,48.3,103.4,38.3,81.8,46.8,6.1,15.9,38.6,20.8,30.7,67.6,14.3,33.9,48.2,22.8,14.0,9.2,5.8,5.8,22.7,0.0,12.8
2000-01,,Indiana Pacers,4,1,3,.250,48.0,87.3,32.8,82.3,39.8,6.3,18.3,34.2,15.5,18.8,82.7,11.8,28.0,39.8,20.8,12.5,4.8,4.5,5.8,23.5,0.0,-6.3
2000-01,,Dallas Mavericks,10,4,6,.400,48.0,92.2,32.2,80.8,39.9,6.1,17.2,35.5,21.7,25.6,84.8,12.2,28.8,41.0,17.0,11.6,5.9,5.5,5.3,23.4,0.3,-3.7
2000-01,,Charlotte Hornets,10,6,4,.600,48.0,95.7,33.9,78.1,43.4,4.4,12.0,36.7,23.5,31.4,74.8,13.2,29.9,43.1,19.7,12.1,8.6,4.6,6.9,20.9,0.2,6.3
1999-00,,Utah Jazz,10,4,6,.400,48.0,88.3,33.1,74.6,44.4,4.6,12.3,37.4,17.5,23.7,73.8,10.3,30.0,40.3,23.6,14.9,6.9,5.4,3.8,25.0,2.6,-4.9
1999-00,,Toronto Raptors,3,0,3,.000,48.0,83.7,27.7,74.0,37.4,4.3,15.7,27.7,24.0,31.0,77.4,13.0,29.7,42.7,19.0,14.3,9.0,4.3,5.0,26.0,1.3,-4.0
1999-00,,Seattle SuperSonics,5,2,3,.400,48.0,93.2,34.8,79.6,43.7,7.0,16.4,42.7,16.6,23.2,71.6,12.4,28.6,41.0,19.8,14.6,8.2,3.4,5.8,21.8,2.0,-1.2
1999-00,,San Antonio Spurs,4,1,3,.250,48.0,81.8,28.3,76.0,37.2,3.0,11.0,27.3,22.3,30.5,73.0,12.3,34.0,46.3,15.0,16.3,8.5,7.5,9.8,20.8,2.5,-1.3
1999-00,,Sacramento Kings,5,2,3,.400,48.0,96.4,33.6,81.0,41.5,6.6,17.4,37.9,22.6,30.0,75.3,11.8,29.4,41.2,16.6,12.0,6.8,3.6,6.4,22.0,1.2,-8.0
1999-00,,Portland Trail Blazers,16,10,6,.625,48.0,92.5,32.4,73.1,44.4,5.4,14.6,37.2,22.2,28.3,78.5,9.8,28.4,38.2,19.3,12.7,7.4,3.8,5.4,25.2,1.6,4.8
1999-00,,Phoenix Suns,9,4,5,.444,48.0,87.3,33.4,82.2,40.7,4.7,16.8,27.8,15.8,22.6,70.0,13.9,31.0,44.9,21.0,15.2,8.1,6.2,6.9,27.4,1.9,-3.7
1999-00,,Philadelphia 76ers,10,5,5,.500,48.5,94.2,34.2,80.0,42.8,3.9,12.3,31.7,21.9,29.5,74.2,13.5,28.9,42.4,19.1,12.7,6.5,4.5,6.1,22.6,1.9,-1.3
1999-00,,New York Knicks,16,9,7,.563,48.3,84.4,31.2,72.4,43.1,4.5,11.4,39.3,17.6,23.0,76.4,8.1,30.4,38.4,14.6,11.8,6.5,4.1,4.3,22.9,2.0,-1.1
1999-00,,Minnesota Timberwolves,4,1,3,.250,48.0,85.3,34.3,76.5,44.8,3.0,9.8,30.8,13.8,17.5,78.6,10.3,24.8,35.0,23.5,11.8,6.0,4.0,3.8,23.8,2.3,-2.0
1999-00,,Milwaukee Bucks,5,2,3,.400,48.0,96.0,37.8,82.6,45.8,3.6,11.6,31.0,16.8,22.0,76.4,11.4,31.4,42.8,20.6,11.8,6.6,5.6,3.4,25.0,2.2,1.8
1999-00,,Miami Heat,10,6,4,.600,48.5,83.2,30.9,73.7,41.9,4.7,14.9,31.5,16.7,24.2,69.0,10.5,32.9,43.4,19.1,13.9,7.2,5.1,3.3,26.0,2.0,2.5
1999-00,,Los Angeles Lakers,23,15,8,.652,48.2,99.8,37.3,80.4,46.5,5.4,15.4,34.9,19.7,31.6,62.3,13.2,30.1,43.3,21.8,12.1,6.6,6.1,3.7,25.3,2.1,2.3
1999-00,,Indiana Pacers,23,13,10,.565,48.2,98.1,35.0,78.9,44.3,7.1,18.8,37.9,21.0,25.4,82.7,10.1,30.4,40.5,20.3,11.6,5.4,4.7,4.4,23.4,1.7,2.7
1999-00,,Detroit Pistons,3,0,3,.000,48.0,79.7,28.0,69.3,40.4,4.3,11.7,37.1,19.3,27.0,71.6,6.0,28.3,34.3,14.7,17.0,6.0,1.7,7.3,24.7,5.7,-10.3
1999-00,,Charlotte Hornets,4,1,3,.250,49.3,91.3,32.3,75.0,43.0,4.5,15.0,30.0,22.3,27.0,82.4,13.5,30.5,44.0,22.8,15.5,8.3,5.8,6.0,22.0,1.0,-2.8
1998-99,,Utah Jazz,11,5,6,.455,48.9,89.2,32.4,75.0,43.2,2.9,9.6,30.2,21.5,28.3,76.2,11.2,31.5,42.6,22.0,15.5,7.7,4.7,4.1,27.1,0.5,1.8
1998-99,,San Antonio Spurs,17,15,2,.882,48.0,88.4,31.6,70.1,45.1,4.1,11.8,35.0,21.1,28.5,74.2,9.8,30.4,40.2,21.3,14.9,7.3,5.8,4.3,21.8,0.2,7.2
1998-99,,Sacramento Kings,5,2,3,.400,50.0,90.6,32.4,79.6,40.7,6.2,22.2,27.9,19.6,26.4,74.2,12.8,28.6,41.4,18.2,17.8,10.6,4.4,4.0,23.8,0.4,-4.8
1998-99,,Portland Trail Blazers,13,7,6,.538,48.0,86.2,29.4,69.4,42.4,3.8,11.1,34.0,23.6,31.4,75.2,9.8,28.9,38.8,18.2,14.1,7.7,4.2,5.5,23.9,0.3,-0.5
1998-99,,Phoenix Suns,3,0,3,.000,48.0,92.3,34.7,80.7,43.0,7.0,18.7,37.5,16.0,21.7,73.8,10.3,22.7,33.0,22.3,14.0,10.3,2.3,5.7,29.0,0.0,-10.3
1998-99,,Philadelphia 76ers,8,3,5,.375,48.0,89.3,34.6,82.1,42.2,2.5,10.5,23.8,17.5,24.5,71.4,16.9,27.5,44.4,19.0,13.3,10.4,5.1,4.9,25.5,0.0,0.5
1998-99,,Orlando Magic,4,1,3,.250,48.0,86.3,27.8,73.8,37.6,6.8,21.8,31.0,24.0,32.3,74.4,14.5,25.0,39.5,19.8,19.0,9.0,3.8,6.8,23.5,0.0,-6.3
1998-99,,New York Knicks,20,12,8,.600,48.0,85.0,31.9,74.3,42.9,3.2,11.4,28.1,18.1,23.9,75.7,10.2,29.1,39.3,15.0,13.4,7.6,3.9,4.6,25.5,0.3,2.0
1998-99,,Minnesota Timberwolves,4,1,3,.250,48.0,80.5,32.0,80.8,39.6,2.5,8.0,31.3,14.0,18.3,76.7,14.3,29.3,43.5,18.8,14.5,6.5,6.0,5.8,24.0,0.3,-6.3
1998-99,,Milwaukee Bucks,3,0,3,.000,49.7,95.3,34.0,75.0,45.3,4.7,14.0,33.3,22.7,29.3,77.3,11.0,27.0,38.0,20.0,16.3,8.3,5.0,5.0,30.0,1.0,-10.3
1998-99,,Miami Heat,5,2,3,.400,48.0,79.0,27.2,68.0,40.0,5.6,18.6,30.1,19.0,27.0,70.4,8.2,27.4,35.6,16.4,12.6,7.2,4.4,3.0,20.6,0.2,-4.0
1998-99,,Los Angeles Lakers,8,3,5,.375,48.0,94.0,35.3,79.6,44.3,4.8,15.6,30.4,18.8,29.3,64.1,12.1,28.3,40.4,19.5,14.0,6.6,6.4,4.1,25.3,0.3,-2.9
1998-99,,Indiana Pacers,13,9,4,.692,48.4,93.6,32.8,74.2,44.1,6.5,18.0,36.3,21.5,28.2,76.3,11.6,29.8,41.5,20.7,15.8,6.6,5.2,4.5,25.9,0.2,3.6
1998-99,,Houston Rockets,4,1,3,.250,48.0,97.0,33.8,81.3,41.5,7.8,21.3,36.5,21.8,28.5,76.3,13.3,32.5,45.8,20.5,13.3,7.5,4.5,8.5,26.0,0.0,-2.3
1998-99,,Detroit Pistons,5,2,3,.400,48.0,79.2,32.2,75.0,42.9,3.4,9.4,36.2,11.4,14.4,79.2,11.2,24.0,35.2,17.8,11.8,7.2,1.8,4.6,22.6,0.2,-3.0
1998-99,,Atlanta Hawks,9,3,6,.333,48.0,79.7,28.6,74.6,38.3,4.8,15.3,31.2,17.8,23.1,76.9,12.0,26.9,38.9,13.9,14.3,8.1,4.0,2.9,19.4,0.4,-2.8
1997-98,,Utah Jazz,20,13,7,.650,48.5,89.0,33.4,73.4,45.5,3.3,9.4,35.3,19.0,25.5,74.5,9.7,30.1,39.8,22.3,14.4,6.5,4.9,5.5,26.0,0.3,2.1
1997-98,,Seattle SuperSonics,10,4,6,.400,48.0,95.2,35.6,78.3,45.5,6.6,19.2,34.4,17.4,23.1,75.3,12.7,26.1,38.8,22.0,12.7,8.7,4.3,6.2,23.5,0.3,-2.4
1997-98,,San Antonio Spurs,9,4,5,.444,48.6,91.8,33.3,72.1,46.2,3.9,12.9,30.2,21.2,30.8,69.0,11.0,32.6,43.6,17.3,14.4,5.7,7.0,4.3,22.1,0.2,3.2
1997-98,,Portland Trail Blazers,4,1,3,.250,48.0,99.8,36.0,79.5,45.3,5.8,15.3,37.7,22.0,28.5,77.2,14.0,27.8,41.8,24.0,16.3,7.0,5.3,8.5,29.8,0.0,-4.3
1997-98,,Phoenix Suns,4,1,3,.250,48.0,93.0,37.0,85.3,43.4,4.3,12.8,33.3,14.8,21.3,69.4,12.0,28.5,40.5,19.8,11.0,8.5,4.0,7.3,25.0,0.0,-7.5
1997-98,,New York Knicks,10,4,6,.400,48.5,88.6,32.2,73.8,43.6,5.3,13.6,39.0,18.9,24.7,76.5,10.5,29.2,39.7,18.8,16.1,8.6,2.0,4.1,26.8,0.2,-2.2
1997-98,,New Jersey Nets,3,0,3,.000,49.7,95.0,37.0,78.7,47.0,2.3,7.3,31.8,18.7,24.7,75.7,12.3,27.0,39.3,16.7,13.3,7.0,3.3,4.3,26.0,0.0,-7.7
1997-98,,Minnesota Timberwolves,5,2,3,.400,48.0,90.2,33.2,79.8,41.6,7.4,19.6,37.8,16.4,20.4,80.4,13.6,25.8,39.4,23.2,14.0,7.4,3.6,3.8,22.6,0.6,-5.8
1997-98,,Miami Heat,5,2,3,.400,48.0,87.4,30.0,69.6,43.1,7.2,20.0,36.0,20.2,29.6,68.2,8.2,28.6,36.8,16.4,13.6,6.8,3.8,1.4,25.4,0.4,-2.2
1997-98,,Los Angeles Lakers,13,7,6,.538,48.0,100.2,35.6,75.1,47.4,6.0,17.5,34.4,23.0,35.4,65.0,13.4,26.7,40.1,22.7,12.9,7.4,7.8,5.8,24.6,0.2,1.2
1997-98,,Indiana Pacers,16,10,6,.625,48.3,91.8,32.0,69.6,46.0,5.4,14.5,37.5,22.3,29.4,76.0,9.3,26.0,35.3,19.1,14.6,7.2,4.9,3.6,24.8,0.2,2.3
1997-98,,Houston Rockets,5,2,3,.400,48.0,84.6,29.0,75.4,38.5,4.8,18.6,25.8,21.8,29.8,73.2,11.2,31.2,42.4,16.2,13.0,7.2,5.0,5.8,23.8,0.2,-6.8
1997-98,,Cleveland Cavaliers,4,1,3,.250,48.0,80.8,26.8,61.5,43.5,1.8,6.0,29.2,25.5,35.3,72.3,10.0,24.5,34.5,18.5,18.3,8.5,3.0,7.8,23.8,0.3,-8.0
1997-98,,Chicago Bulls,21,15,6,.714,48.5,93.1,34.1,76.7,44.5,4.2,13.0,32.4,20.7,28.1,73.4,14.0,27.0,41.0,20.5,12.6,9.0,4.5,3.1,22.8,0.2,7.0
1997-98,,Charlotte Hornets,9,4,5,.444,48.0,82.8,33.1,72.9,45.4,3.6,11.1,32.0,13.0,19.0,68.4,9.1,27.0,36.1,21.2,14.1,6.4,2.8,4.4,21.6,0.3,-6.0
1997-98,,Atlanta Hawks,4,1,3,.250,48.0,87.5,32.8,73.0,44.9,6.8,18.0,37.5,15.3,22.3,68.5,11.0,29.0,40.0,17.0,12.8,7.8,4.8,2.8,23.5,0.0,1.5
1996-97,,Washington Bullets,3,0,3,.000,48.0,95.0,34.0,71.7,47.4,4.3,10.3,41.9,22.7,29.0,78.2,11.3,24.3,35.7,17.0,18.7,4.7,6.3,4.3,25.7,16.7,-6.0
1996-97,,Utah Jazz,20,13,7,.650,48.3,96.1,33.7,74.5,45.2,5.0,13.5,36.7,23.9,30.4,78.5,11.4,30.4,41.8,21.8,13.4,7.4,4.9,5.7,24.8,7.4,3.3
1996-97,,Seattle SuperSonics,12,6,6,.500,48.8,105.1,36.8,82.8,44.4,8.3,21.8,38.3,23.3,28.5,81.6,13.9,28.8,42.8,23.4,13.6,10.2,4.1,4.1,23.5,10.4,4.5
1996-97,,Portland Trail Blazers,4,1,3,.250,48.0,89.8,32.8,73.0,44.9,4.5,17.0,26.5,19.8,27.3,72.5,11.8,25.3,37.0,19.8,15.5,5.5,4.3,5.3,28.8,12.5,-7.0
1996-97,,Phoenix Suns,5,2,3,.400,49.0,100.2,34.4,82.6,41.6,10.2,29.0,35.2,21.2,27.8,76.3,10.0,30.4,40.4,22.8,16.2,8.2,5.2,4.8,22.0,13.4,-12.6
1996-97,,Orlando Magic,5,2,3,.400,48.0,84.2,29.8,73.0,40.8,5.8,18.0,32.2,18.8,25.2,74.6,9.6,28.0,37.6,13.2,12.4,6.4,5.2,5.6,19.0,10.0,-7.8
1996-97,,New York Knicks,10,6,4,.600,48.0,91.2,34.3,73.5,46.7,5.5,14.8,37.2,17.1,22.2,77.0,9.7,29.8,39.5,21.1,15.7,8.7,3.5,4.9,23.4,11.5,1.7
1996-97,,Minnesota Timberwolves,3,0,3,.000,48.0,99.7,40.0,88.7,45.1,6.3,16.7,38.0,13.3,18.0,74.1,14.0,24.7,38.7,24.0,9.3,7.7,4.0,4.0,23.3,14.0,-11.3
1996-97,,Miami Heat,17,8,9,.471,48.0,85.9,29.5,72.1,40.9,8.4,23.8,35.1,18.5,26.8,69.2,11.1,30.2,41.3,17.2,16.2,6.7,5.1,4.4,22.6,9.2,0.2
1996-97,,Los Angeles Lakers,9,4,5,.444,48.6,95.2,32.2,72.1,44.7,4.9,15.2,32.1,25.9,35.0,74.0,11.2,27.7,38.9,20.6,13.3,6.8,6.1,5.3,26.8,10.7,1.1
1996-97,,Los Angeles Clippers,3,0,3,.000,48.0,92.3,32.7,75.0,43.6,6.0,18.0,33.3,21.0,28.7,73.3,10.3,23.0,33.3,16.3,12.0,6.7,4.3,5.3,29.0,18.3,-12.7
1996-97,,Houston Rockets,16,9,7,.563,48.3,101.3,35.3,77.1,45.8,8.9,24.5,36.2,21.8,28.4,76.7,12.3,29.3,41.5,23.1,15.2,7.7,4.4,4.2,21.9,9.8,1.8
1996-97,,Detroit Pistons,5,2,3,.400,48.0,85.6,32.4,74.8,43.3,5.6,17.0,32.9,15.2,19.8,76.8,8.6,23.2,31.8,13.6,9.6,7.0,2.4,4.6,20.2,10.8,-2.0
1996-97,,Chicago Bulls,19,15,4,.789,48.0,92.5,34.7,80.2,43.2,6.1,19.2,31.9,17.1,23.2,73.5,14.9,28.6,43.5,20.7,12.4,8.5,4.8,4.2,24.3,6.4,5.5
1996-97,,Charlotte Hornets,3,0,3,.000,48.0,95.7,36.3,80.3,45.2,6.3,17.0,37.3,16.7,20.7,80.6,12.7,24.3,37.0,18.3,13.3,6.7,3.0,3.3,21.0,12.0,-8.7
1996-97,,Atlanta Hawks,10,4,6,.400,48.0,89.0,30.9,70.8,43.6,6.9,21.9,31.5,20.3,26.1,77.8,11.0,29.0,40.0,15.4,16.1,4.5,4.3,3.5,20.0,9.9,-2.9
